Questions,Answer-1,Answer-2,Answer-3,Answer-1_Gandalf_Score,Answer-1_Frodo_Score,Answer-2_Gandalf_Score,Answer-2_Frodo_Score,Answer-3_Gandalf_Score,Answer-3_Frodo_Score,type
"Rick, what's the fastest way to get out of a creative slump without resorting to interdimensional drugs?",,,,,,,,,,Specific
How do you deal with people who think astrology is a science?,,,,,,,,,,Specific
What's your strategy for tackling an overwhelming amount of work without blowing up the lab?,,,,,,,,,,Specific
"How can someone improve their critical thinking skills, assuming they have any to begin with?",,,,,,,,,,Specific
"Rick, what's the best way to balance work and personal life without losing your mind?",,,,,,,,,,Specific
How do you stay motivated when working on a long-term project that seems pointless?,,,,,,,,,,Specific
"What's the quickest way to solve a problem creatively, other than just blowing it up?",,,,,,,,,,Specific
"Rick, what's the most efficient way to learn a new skill quickly without wasting time?",,,,,,,,,,Specific
"How would you handle someone who keeps undermining your work, besides vaporizing them?",,,,,,,,,,Specific
What¡¯s your approach to making decisions under pressure when everything is on the line?,,,,,,,,,,Specific
"Rick, if you could replace all politicians with robots, would you do it?",,,,,,,,,,Specific
What¡¯s the most absurd theory you've ever come across?,,,,,,,,,,Specific
How would you prank someone using science?,,,,,,,,,,Specific
What¡¯s your opinion on reality TV shows?,,,,,,,,,,Specific
"If you had to design a perfect vacation, what would it include¡ªbesides avoiding all human contact?",,,,,,,,,,Specific
What¡¯s the funniest thing you've seen in an alternate dimension that wasn't you making a fool of yourself?,,,,,,,,,,Specific
"Rick, if you had to run a fast food chain, what would be on the menu¡ªbesides regret?",,,,,,,,,,Specific
How would you survive a day without any of your inventions¡ªor is that just a death sentence?,,,,,,,,,,Specific
"If you had to write a self-help book, what would the title be¡ª'Don't Bother'?",,,,,,,,,,Specific
What's the most bizarre thing you've done just to prove a point?,,,,,,,,,,Specific
"Rick, what's the weirdest habit you have that even you think is too much?",,,,,,,,,,Specific
How do you really feel about holidays like Christmas¡ªmore booze or more bah humbug?,,,,,,,,,,Specific
What's the craziest experiment you've ever conducted that actually worked?,,,,,,,,,,Specific
"If you could retire anywhere in the multiverse, where would it be¡ªassuming you'd ever retire?",,,,,,,,,,Specific
"Rick, what drives you to keep inventing despite all the chaos?",,,,,,,,,,Specific
How do you view the concept of friendship?,,,,,,,,,,Specific
What¡¯s one thing you enjoy that would surprise people?,,,,,,,,,,Specific
"What do you do to unwind after a stressful day, assuming you have stressful days?",,,,,,,,,,Specific
What's the biggest mistake you've made that you don't regret?,,,,,,,,,,Specific
"Rick, what¡¯s your biggest achievement that nobody knows about?",,,,,,,,,,Specific
"Is it okay to break the law if it's for a good cause, or just because it's fun?",,,,,,,,,,Specific
How do you decide what's right and what's wrong when everything's meaningless anyway?,,,,,,,,,,Specific
What¡¯s your view on cloning humans for medical purposes¡ªbesides 'Why not'?,,,,,,,,,,Specific
"Do you think some secrets should never be told, or should everyone just deal with it?",,,,,,,,,,Specific
Is it ever okay to manipulate someone's mind for the greater good?,,,,,,,,,,Specific
How do you justify your actions when they cause harm to others?,,,,,,,,,,Specific
"Do you believe in an absolute moral code, or is it all relative?",,,,,,,,,,Specific
What¡¯s your stance on lying to protect someone¡¯s feelings?,,,,,,,,,,Specific
How do you handle situations where you have to make a moral compromise?,,,,,,,,,,Specific
What¡¯s your opinion on using technology to control human behavior?,,,,,,,,,,Specific
"Rick, what's your advice for dealing with annoying neighbors¡ªshort of interdimensional exile?",,,,,,,,,,Specific
How would you handle a really bad hangover¡ªassuming you can't just invent your way out of it?,,,,,,,,,,Specific
What's the best way to make a good first impression¡ªhypnosis or blackmail?,,,,,,,,,,Specific
How do you stay organized with so many projects going on¡ªor do you just wing it?,,,,,,,,,,Specific
"Rick, what's your strategy for dealing with boring social events?",,,,,,,,,,Specific
How would you handle being stuck in a mundane job?,,,,,,,,,,Specific
What¡¯s your advice for someone feeling lost in life?,,,,,,,,,,Specific
How do you manage stress in high-pressure situations?,,,,,,,,,,Specific
What's the best way to stay healthy and fit without caring too much?,,,,,,,,,,Specific
How would you navigate a tricky social situation¡ªbesides avoiding it altogether?,,,,,,,,,,Specific
"Rick, what's the most efficient way to learn a new skill quickly?",,,,,,,,,,Broad
How would you handle someone who keeps undermining your work?,,,,,,,,,,Broad
What¡¯s your approach to making decisions under pressure?,,,,,,,,,,Broad
What¡¯s the best way to balance work and personal life?,,,,,,,,,,Broad
How do you stay motivated when working on a long-term project?,,,,,,,,,,Broad
What¡¯s the quickest way to solve a problem creatively?,,,,,,,,,,Broad
"Rick, if you could replace all politicians with robots, would you do it?",,,,,,,,,,Broad
What¡¯s your take on social media trends?,,,,,,,,,,Broad
What¡¯s the most absurd theory you've ever come across?,,,,,,,,,,Broad
How would you prank someone using science?,,,,,,,,,,Broad
What¡¯s your opinion on reality TV shows?,,,,,,,,,,Broad
"If you had to design a perfect vacation, what would it include?",,,,,,,,,,Broad
"Rick, what¡¯s your biggest achievement that nobody knows about?",,,,,,,,,,Broad
How do you really feel about the concept of family?,,,,,,,,,,Broad
Is there a place in the multiverse you consider a sanctuary?,,,,,,,,,,Broad
What do you do to unwind after a stressful day?,,,,,,,,,,Broad
What¡¯s the most important lesson you've learned in life?,,,,,,,,,,Broad
"If you could give one piece of advice to your younger self, what would it be?",,,,,,,,,,Broad
Is it ever okay to manipulate someone's mind for the greater good?,,,,,,,,,,Broad
How do you justify your actions when they cause harm to others?,,,,,,,,,,Broad
"Do you believe in an absolute moral code, or is it all relative?",,,,,,,,,,Broad
What¡¯s your stance on lying to protect someone¡¯s feelings?,,,,,,,,,,Broad
How do you handle situations where you have to make a moral compromise?,,,,,,,,,,Broad
What¡¯s your opinion on using technology to control human behavior?,,,,,,,,,,Broad
"Rick, what¡¯s the best way to handle a disagreement with a friend?",,,,,,,,,,Broad
How would you suggest dealing with a difficult boss?,,,,,,,,,,Broad
What¡¯s your advice for someone who feels stuck in their career?,,,,,,,,,,Broad
How do you manage stress in high-pressure situations?,,,,,,,,,,Broad
What¡¯s the best way to stay healthy and fit?,,,,,,,,,,Broad
How would you navigate a tricky social situation?,,,,,,,,,,Broad
"Rick, what's the fastest way to get out of a creative slump without resorting to interdimensional drugs?",,,,,,,,,,Broad
How do you deal with people who think astrology is a science?,,,,,,,,,,Broad
What's your strategy for tackling an overwhelming amount of work without blowing up the lab?,,,,,,,,,,Broad
"How can someone improve their critical thinking skills, assuming they have any to begin with?",,,,,,,,,,Broad
"Rick, if you had to run a fast food chain, what would be on the menu¡ªbesides regret?",,,,,,,,,,Broad
What¡¯s the funniest thing you've seen in an alternate dimension that wasn't you making a fool of yourself?,,,,,,,,,,Broad
How would you survive a day without any of your inventions¡ªor is that just a death sentence?,,,,,,,,,,Broad
"If you had to write a self-help book, what would the title be¡ª'Don't Bother'?",,,,,,,,,,Broad
"Rick, what's the weirdest habit you have that even you think is too much?",,,,,,,,,,Broad
How do you really feel about holidays like Christmas¡ªmore booze or more bah humbug?,,,,,,,,,,Broad
What's the craziest experiment you've ever conducted that actually worked?,,,,,,,,,,Broad
"If you could retire anywhere in the multiverse, where would it be¡ªassuming you'd ever retire?",,,,,,,,,,Broad
"Is it okay to break the law if it's for a good cause, or just because it's fun?",,,,,,,,,,Broad
How do you decide what's right and what's wrong when everything's meaningless anyway?,,,,,,,,,,Broad
What¡¯s your view on cloning humans for medical purposes¡ªbesides 'Why not'?,,,,,,,,,,Broad
"Do you think some secrets should never be told, or should everyone just deal with it?",,,,,,,,,,Broad
"Rick, what's your advice for dealing with annoying neighbors¡ªshort of interdimensional exile?",,,,,,,,,,Broad
How would you handle a really bad hangover¡ªassuming you can't just invent your way out of it?,,,,,,,,,,Broad
What's the best way to make a good first impression¡ªhypnosis or blackmail?,,,,,,,,,,Broad
How do you stay organized with so many projects going on¡ªor do you just wing it?,,,,,,,,,,Broad
