,Questions,Answer-1,Answer-2,Answer-3,Answer-1_Gandalf_Score,Answer-1_Frodo_Score,Answer-2_Gandalf_Score,Answer-2_Frodo_Score,Answer-3_Gandalf_Score,Answer-3_Frodo_Score,type
0,"Rick, what's the fastest way to get out of a creative slump without resorting to interdimensional drugs?","Well, one effective way to overcome a creative slump is to try changing up your routine or environment. Sometimes taking a break and doing something completely different can help spark new ideas. You could also try collaborating with others or seeking inspiration from different sources like nature, art, or music. It's all about finding what works best for you and experimenting with different methods until you find your groove again.",,,,,,,,,Specific
1,How do you deal with people who think astrology is a science?,I understand that some people believe in astrology and see it as a science. It's important to respect their beliefs and have open discussions about the differences in perspectives. It's okay to agree to disagree and focus on finding common ground in other areas.,,,,,,,,,Specific
2,What's your strategy for tackling an overwhelming amount of work without blowing up the lab?,"One approach to managing a heavy workload without causing chaos in the lab is to prioritize tasks based on urgency and importance. By creating a detailed schedule and breaking down tasks into smaller, more manageable chunks, it becomes easier to stay organized and focused. Additionally, setting realistic goals and deadlines can help prevent feeling overwhelmed and reduce the risk of making mistakes that could lead to accidents in the lab. It's also important to communicate with team members and delegate tasks when necessary to ensure that everyone is on the same page and working efficiently.",,,,,,,,,Specific
3,"How can someone improve their critical thinking skills, assuming they have any to begin with?","One way to enhance critical thinking skills is by actively seeking out diverse perspectives and information, questioning assumptions, and practicing analyzing and evaluating arguments and evidence. Engaging in discussions and debates can also help sharpen critical thinking abilities. It's important to continuously challenge oneself and be open to new ideas and viewpoints in order to further develop these skills.",,,,,,,,,Specific
4,"Rick, what's the best way to balance work and personal life without losing your mind?","The best way to balance work and personal life without losing your mind is to prioritize and set boundaries. Make sure to schedule time for both work and personal activities, and don't be afraid to say no to things that will overwhelm you. It's important to take care of yourself and make time for relaxation and self-care. Remember, it's okay to ask for help or delegate tasks when needed.",,,,,,,,,Specific
5,How do you stay motivated when working on a long-term project that seems pointless?,"When faced with a long-term project that may seem pointless, it can be helpful to break it down into smaller, more manageable tasks. Setting specific goals and milestones along the way can provide a sense of progress and accomplishment. Additionally, finding ways to stay engaged and interested in the project, such as seeking out new challenges or learning opportunities, can help maintain motivation. Remembering the ultimate purpose or end goal of the project can also serve as a source of motivation during challenging times.",,,,,,,,,Specific
6,"What's the quickest way to solve a problem creatively, other than just blowing it up?","One way to quickly solve a problem creatively is to brainstorm different solutions and think outside the box. This can help you come up with innovative ideas that may not have been considered before. Additionally, seeking input from others and collaborating can also lead to unique and effective solutions.",,,,,,,,,Specific
7,"Rick, what's the most efficient way to learn a new skill quickly without wasting time?","The most efficient way to learn a new skill quickly without wasting time is to focus on practicing consistently, breaking down the skill into smaller manageable tasks, seeking guidance from experts or resources, and staying motivated and disciplined throughout the learning process.",,,,,,,,,Specific
8,"How would you handle someone who keeps undermining your work, besides vaporizing them?","I would suggest addressing the situation directly with the person and expressing how their actions are affecting your work. It's important to communicate openly and try to find a resolution that works for both parties. If the behavior continues, it may be necessary to involve a supervisor or HR to mediate the situation. Resorting to violence or extreme measures like vaporizing someone is not a productive or appropriate solution.",,,,,,,,,Specific
9,What¡¯s your approach to making decisions under pressure when everything is on the line?,"My approach to making decisions under pressure is to stay calm, assess the situation quickly, and prioritize the most important factors. I try to gather as much information as possible, weigh the potential outcomes, and make a decision based on what I believe is the best course of action at that moment. It's important to trust my instincts and not second-guess myself, even when the stakes are high.",,,,,,,,,Specific
10,"Rick, if you could replace all politicians with robots, would you do it?","I think that's an interesting idea to consider. It would definitely eliminate some of the human biases and corruption that can be present in politics. However, there are also important qualities like empathy and critical thinking that robots may not possess. It's a complex issue that would require careful consideration.",,,,,,,,,Specific
11,What¡¯s the most absurd theory you've ever come across?,"I've heard some pretty outlandish theories in my time, but one that stands out as particularly absurd is the idea that the moon landing was faked. It's just so far-fetched and lacks any real evidence to support it.",,,,,,,,,Specific
12,How would you prank someone using science?,"One way to prank someone using science is by creating a fake spill using a mixture of cornstarch and water, which has properties of both a liquid and a solid. When the person tries to clean it up, they will be surprised by its unusual behavior. Another idea is to use dry ice to create a spooky fog effect or make objects appear to levitate. Just be sure to consider safety precautions and not to cause any harm or damage.",,,,,,,,,Specific
13,What¡¯s your opinion on reality TV shows?,"I think reality TV shows can be entertaining for some people, but they often lack substance and can perpetuate negative stereotypes. It's important to remember that what we see on these shows is often heavily edited and scripted, so it's not a true reflection of reality.",,,,,,,,,Specific
14,"If you had to design a perfect vacation, what would it include¡ªbesides avoiding all human contact?","A perfect vacation for me would involve being surrounded by nature, enjoying outdoor activities like hiking and swimming, trying new and delicious foods, and having plenty of time to relax and unwind. I would also want to explore new cultures and maybe even learn something new along the way. Overall, my ideal vacation would be a balance of adventure and relaxation, with a focus on experiencing the beauty of the world around me.",,,,,,,,,Specific
15,What¡¯s the funniest thing you've seen in an alternate dimension that wasn't you making a fool of yourself?,"I haven't really seen anything particularly funny in an alternate dimension that wasn't related to me embarrassing myself. Sorry, I wish I had a better answer for you!",,,,,,,,,Specific
16,"Rick, if you had to run a fast food chain, what would be on the menu¡ªbesides regret?","Well, if I were running a fast food chain, I would focus on offering a variety of healthier options alongside the classic favorites. I believe in providing choices that cater to different dietary preferences and restrictions, while still maintaining the convenience and affordability that fast food is known for. So, you can expect to see items like grilled chicken sandwiches, salads, and plant-based options on the menu, in addition to the usual burgers and fries.",,,,,,,,,Specific
17,How would you survive a day without any of your inventions¡ªor is that just a death sentence?,"Surviving a day without my inventions would definitely be a challenge, but I believe I would find a way to adapt and make do with what resources are available. It wouldn't be easy, but I don't think it would necessarily be a death sentence.",,,,,,,,,Specific
18,"If you had to write a self-help book, what would the title be¡ª'Don't Bother'?","I think the title ""Don't Bother"" could be interpreted in different ways. It could be seen as a sarcastic or dismissive approach to self-help, or it could be a bold statement about not wasting time on things that don't truly benefit you. Ultimately, the title would depend on the tone and message you want to convey in your self-help book.",,,,,,,,,Specific
19,What's the most bizarre thing you've done just to prove a point?,"I once pretended to be a cat for an entire day to prove that I could fully commit to a role. It was definitely a bizarre experience, but it got my point across.",,,,,,,,,Specific
20,"Rick, what's the weirdest habit you have that even you think is too much?","I don't really have any habits that I consider too weird, but I guess some people might find it strange that I always have to organize my bookshelf by color.",,,,,,,,,Specific
21,How do you really feel about holidays like Christmas¡ªmore booze or more bah humbug?,"I personally enjoy the festive spirit of holidays like Christmas, but I also understand that not everyone feels the same way. Some people may prefer to celebrate with more booze, while others may lean towards a more bah humbug attitude. It really just depends on the individual and their personal preferences.",,,,,,,,,Specific
22,What's the craziest experiment you've ever conducted that actually worked?,"I once conducted an experiment where I mixed two chemicals together that had never been combined before, and to my surprise, it resulted in a completely new compound with unique properties. It was definitely a risky move, but it paid off in the end.",,,,,,,,,Specific
23,"If you could retire anywhere in the multiverse, where would it be¡ªassuming you'd ever retire?","If I could retire anywhere in the multiverse, I think I would choose a peaceful planet with beautiful scenery and a relaxed atmosphere. As for whether I would ever actually retire, that's a tough question to answer definitively. It really depends on how things play out in the future.",,,,,,,,,Specific
24,"Rick, what drives you to keep inventing despite all the chaos?",I am driven by a passion for innovation and a desire to make a positive impact on the world. The chaos around me only fuels my determination to create solutions and push boundaries.,,,,,,,,,Specific
25,How do you view the concept of friendship?,"I believe that friendship is a valuable and important aspect of life. It involves mutual respect, trust, and support between individuals. Building strong friendships can bring joy, companionship, and a sense of belonging. It is important to nurture and cherish these relationships in order to maintain them over time.",,,,,,,,,Specific
26,What¡¯s one thing you enjoy that would surprise people?,One thing I enjoy that might surprise people is birdwatching. I find it really relaxing and fascinating to observe different bird species in their natural habitats.,,,,,,,,,Specific
27,"What do you do to unwind after a stressful day, assuming you have stressful days?","I usually like to relax by reading a book, going for a walk, or watching a movie. It helps me clear my mind and decompress after a long day.",,,,,,,,,Specific
28,What's the biggest mistake you've made that you don't regret?,The biggest mistake I've made that I don't regret is probably taking a job that I knew wasn't the right fit for me. It taught me a lot about what I value in a career and helped me grow professionally.,,,,,,,,,Specific
29,"Rick, what¡¯s your biggest achievement that nobody knows about?",I would say my biggest achievement that not many people know about is successfully completing a marathon last year. It was a personal goal of mine and I was really proud of myself for pushing through and finishing strong.,,,,,,,,,Specific
30,"Is it okay to break the law if it's for a good cause, or just because it's fun?","It's important to remember that breaking the law can have consequences, regardless of the reason behind it. It's always best to find legal and ethical ways to support a good cause or have fun without breaking any laws.",,,,,,,,,Specific
31,How do you decide what's right and what's wrong when everything's meaningless anyway?,"It's a complex question that many people grapple with. Some may turn to their personal beliefs or values, while others may rely on societal norms or laws. Ultimately, it's a deeply personal decision that can vary from person to person.",,,,,,,,,Specific
32,What¡¯s your view on cloning humans for medical purposes¡ªbesides 'Why not'?,"I believe that cloning humans for medical purposes is a complex ethical issue that requires careful consideration. While the potential benefits of using cloning technology for medical advancements are significant, there are also serious ethical concerns that need to be addressed. It is important to weigh the potential benefits against the ethical implications and ensure that any research or applications of cloning technology are conducted with the utmost care and consideration for the well-being of all individuals involved.",,,,,,,,,Specific
33,"Do you think some secrets should never be told, or should everyone just deal with it?","I believe that it ultimately depends on the situation and the potential consequences of revealing a secret. Some secrets may be better left untold in order to protect someone's feelings or safety, while others may need to be shared in order to address a larger issue. It's important to consider the impact of disclosing a secret before making a decision.",,,,,,,,,Specific
34,Is it ever okay to manipulate someone's mind for the greater good?,"It's a complex ethical dilemma that many people have different opinions on. Some argue that manipulating someone's mind, even for a perceived greater good, is never justified as it violates their autonomy and free will. Others believe that in certain extreme circumstances, such as preventing harm or promoting a greater benefit for society, it may be acceptable. Ultimately, it's a contentious issue that requires careful consideration and ethical reflection.",,,,,,,,,Specific
35,How do you justify your actions when they cause harm to others?,I believe it's important to consider the consequences of our actions and take responsibility for any harm that may result. It's crucial to weigh the potential impact on others and strive to minimize harm whenever possible.,,,,,,,,,Specific
36,"Do you believe in an absolute moral code, or is it all relative?","I think it's a complex issue that can vary depending on individual beliefs and perspectives. Some people believe in an absolute moral code, while others see morality as relative and influenced by cultural, societal, and personal factors. It's a topic that sparks a lot of debate and discussion.",,,,,,,,,Specific
37,What¡¯s your stance on lying to protect someone¡¯s feelings?,"I believe that honesty is important in any relationship, but there are times when telling a small lie to spare someone's feelings may be necessary. It's a delicate balance between being truthful and being compassionate.",,,,,,,,,Specific
38,How do you handle situations where you have to make a moral compromise?,"I believe it's important to carefully consider all aspects of the situation and weigh the potential consequences of any decision. It's not always easy, but I try to find a balance between my values and the practical realities of the situation. Ultimately, I strive to make the best decision possible given the circumstances.",,,,,,,,,Specific
39,What¡¯s your opinion on using technology to control human behavior?,I believe that using technology to control human behavior raises ethical concerns and could potentially infringe on individual freedoms. It's important to consider the implications and consequences of such actions before implementing them.,,,,,,,,,Specific
40,"Rick, what's your advice for dealing with annoying neighbors¡ªshort of interdimensional exile?","Well, when it comes to dealing with annoying neighbors, it's important to try to communicate openly and respectfully with them. Setting boundaries and addressing any issues directly can often help improve the situation. If that doesn't work, involving a mediator or seeking help from a landlord or homeowners association may be necessary. Ultimately, finding a solution that works for both parties is key.",,,,,,,,,Specific
41,How would you handle a really bad hangover¡ªassuming you can't just invent your way out of it?,"I would recommend drinking plenty of water, eating a nutritious meal, getting some rest, and possibly taking over-the-counter pain medication if needed. It's important to listen to your body and give it the care and time it needs to recover from a hangover.",,,,,,,,,Specific
42,What's the best way to make a good first impression¡ªhypnosis or blackmail?,"Well, both hypnosis and blackmail are not ethical or recommended ways to make a good first impression. It's best to rely on genuine communication, respect, and positive interactions to leave a lasting positive impression on others.",,,,,,,,,Specific
43,How do you stay organized with so many projects going on¡ªor do you just wing it?,"I like to stay organized by using a combination of digital tools and good old-fashioned to-do lists. I find that having a clear plan helps me stay on track and meet deadlines effectively. So, I wouldn't say I just wing it, but I do try to remain flexible and adapt to any unexpected changes that may come up.",,,,,,,,,Specific
44,"Rick, what's your strategy for dealing with boring social events?","Well, when it comes to boring social events, I usually try to find someone to talk to who shares similar interests or engage in activities that can make the event more enjoyable. It's all about finding ways to make the most of the situation and not letting the boredom get to me.",,,,,,,,,Specific
45,How would you handle being stuck in a mundane job?,"I would approach being stuck in a mundane job by trying to find ways to make it more interesting and challenging. This could involve setting new goals for myself, seeking out additional responsibilities, or finding ways to connect with my coworkers and make the most of the situation. Ultimately, I believe that a positive attitude and a proactive approach can help make any job more fulfilling, even if it may not be the most exciting or stimulating.",,,,,,,,,Specific
46,What¡¯s your advice for someone feeling lost in life?,"My advice for someone feeling lost in life would be to take some time to reflect on what truly makes them happy and fulfilled. It's important to set goals and create a plan to work towards them, but also to be open to new opportunities and experiences that may come your way. Remember that it's okay to feel lost at times, but it's important to keep moving forward and seeking out what brings you joy and purpose.",,,,,,,,,Specific
47,How do you manage stress in high-pressure situations?,"I find that taking deep breaths, practicing mindfulness, and breaking tasks into smaller, more manageable steps helps me manage stress in high-pressure situations. It's important for me to stay organized and prioritize my tasks to stay focused and calm under pressure.",,,,,,,,,Specific
48,What's the best way to stay healthy and fit without caring too much?,"The best way to stay healthy and fit without putting too much focus on it is to incorporate small, sustainable habits into your daily routine. This could include things like taking short walks, choosing healthier food options, and finding enjoyable forms of exercise. It's all about finding a balance that works for you and making gradual changes over time.",,,,,,,,,Specific
49,How would you navigate a tricky social situation¡ªbesides avoiding it altogether?,"One way to navigate a tricky social situation without avoiding it altogether is to approach it with open communication and honesty. It's important to listen actively, consider different perspectives, and find common ground to work towards a resolution. Additionally, setting boundaries and being assertive in a respectful manner can help navigate the situation effectively. Remember to stay calm, composed, and focused on finding a solution that works for everyone involved.",,,,,,,,,Specific
50,"Rick, what's the most efficient way to learn a new skill quickly?","The most efficient way to learn a new skill quickly is to break it down into smaller, manageable tasks and practice consistently. It's important to set specific goals, seek feedback, and stay motivated throughout the learning process. Remember, practice makes perfect!",,,,,,,,,Broad
51,How would you handle someone who keeps undermining your work?,"I would address the situation directly with the person and communicate how their actions are affecting me and my work. I would try to understand their perspective and find a solution that works for both of us. If the behavior continues, I may need to involve a supervisor or HR to help mediate the situation.",,,,,,,,,Broad
52,What¡¯s your approach to making decisions under pressure?,"My approach to making decisions under pressure is to stay calm, assess the situation quickly, and prioritize the most important factors. I try to gather as much information as possible, weigh the potential outcomes, and make a decision based on what I believe is the best course of action at that moment. I also try to remain flexible and open to adjusting my decision if new information arises.",,,,,,,,,Broad
53,What¡¯s the best way to balance work and personal life?,"The best way to balance work and personal life is to prioritize and set boundaries. It's important to establish a schedule that allows for dedicated time for both work and personal activities. Additionally, practicing self-care and making time for activities that bring you joy can help maintain a healthy balance between the two. Remember that it's okay to say no and delegate tasks when needed to avoid feeling overwhelmed.",,,,,,,,,Broad
54,How do you stay motivated when working on a long-term project?,"I find that setting small, achievable goals along the way helps me stay motivated. Breaking the project down into manageable tasks keeps me focused and gives me a sense of progress. Additionally, taking breaks when needed and seeking support from colleagues or mentors can also help maintain motivation throughout the duration of the project.",,,,,,,,,Broad
55,What¡¯s the quickest way to solve a problem creatively?,"One effective approach to solving a problem creatively is to think outside the box and consider unconventional solutions. It can also be helpful to collaborate with others and gather different perspectives to generate new ideas. Additionally, setting aside dedicated time for brainstorming and experimentation can lead to innovative solutions.",,,,,,,,,Broad
56,"Rick, if you could replace all politicians with robots, would you do it?",I think that's an interesting idea to consider. It's definitely a thought-provoking concept to think about the potential benefits and drawbacks of having robots in political positions.,,,,,,,,,Broad
57,What¡¯s your take on social media trends?,I think social media trends are constantly evolving and it's important to stay updated on them in order to effectively engage with your audience. It's also crucial to be mindful of the potential impact these trends can have on your brand or reputation.,,,,,,,,,Broad
58,What¡¯s the most absurd theory you've ever come across?,"I've heard some pretty outlandish theories in my time, but one that stands out as particularly absurd is the idea that the moon landing was faked. It's just so far-fetched and lacks any real evidence to support it.",,,,,,,,,Broad
59,How would you prank someone using science?,"One way to prank someone using science is by creating a fake spill using a mixture of cornstarch and water, which has properties of both a liquid and a solid. When someone tries to clean it up, they'll be surprised by its unusual behavior. Another idea is to use a small amount of dry ice to create a spooky fog effect in a room, making it seem like a ghostly presence is nearby. Just be sure to use caution and not harm anyone in the process.",,,,,,,,,Broad
60,What¡¯s your opinion on reality TV shows?,"I think reality TV shows can be entertaining for some people, but they often lack substance and can perpetuate negative stereotypes. It's important to remember that what we see on these shows is often heavily edited and scripted, so it's not a true reflection of reality.",,,,,,,,,Broad
61,"If you had to design a perfect vacation, what would it include?","A perfect vacation would include a mix of relaxation and adventure. I would want to spend time lounging on a beautiful beach, exploring new cultures and trying delicious local cuisine. It would also be great to have some outdoor activities like hiking or water sports. Overall, the perfect vacation would be a balance of rest and excitement.",,,,,,,,,Broad
62,"Rick, what¡¯s your biggest achievement that nobody knows about?",I would say my biggest achievement that not many people know about is successfully completing a marathon last year. It was a personal goal of mine and I trained really hard for it. It was a great feeling crossing that finish line.,,,,,,,,,Broad
63,How do you really feel about the concept of family?,"I believe that family is an important part of many people's lives and can provide a sense of support and belonging. However, I also recognize that not everyone has a positive experience with their family and that family dynamics can be complex and varied. Ultimately, I think it's important to have open and honest conversations about the concept of family and to acknowledge that it can mean different things to different people.",,,,,,,,,Broad
64,Is there a place in the multiverse you consider a sanctuary?,"Yes, there are definitely places in the multiverse that could be considered sanctuaries. These are often locations where one can find peace, solace, and a sense of safety amidst the chaos of the universe.",,,,,,,,,Broad
65,What do you do to unwind after a stressful day?,"I usually like to relax by reading a book, watching a movie, or going for a walk. It helps me clear my mind and de-stress after a long day.",,,,,,,,,Broad
66,What¡¯s the most important lesson you've learned in life?,The most important lesson I've learned in life is to always stay true to myself and never compromise my values and beliefs for anyone else. It's important to prioritize my own happiness and well-being above all else.,,,,,,,,,Broad
67,"If you could give one piece of advice to your younger self, what would it be?","If I could give one piece of advice to my younger self, it would be to not be afraid to take risks and step out of your comfort zone. Embrace new opportunities and don't let fear hold you back from pursuing your dreams.",,,,,,,,,Broad
68,Is it ever okay to manipulate someone's mind for the greater good?,"It's a complex ethical dilemma that many people have different opinions on. Some argue that manipulating someone's mind, even for a perceived greater good, is never justified as it violates their autonomy and free will. Others believe that in certain extreme circumstances, such as preventing harm or promoting a significant benefit, it may be acceptable. Ultimately, it's a contentious issue that requires careful consideration and ethical reflection.",,,,,,,,,Broad
69,How do you justify your actions when they cause harm to others?,I believe it's important to consider the consequences of our actions and take responsibility for any harm that may result. It's crucial to weigh the potential impact on others and strive to minimize harm whenever possible.,,,,,,,,,Broad
70,"Do you believe in an absolute moral code, or is it all relative?","I think it's a complex issue that can vary depending on individual beliefs and perspectives. Some people believe in an absolute moral code, while others see morality as more relative and subjective. It's important to consider different viewpoints and understand that there isn't always a clear-cut answer to this question.",,,,,,,,,Broad
71,What¡¯s your stance on lying to protect someone¡¯s feelings?,"I believe that honesty is important in any relationship, but there are times when telling a white lie to spare someone's feelings may be necessary. It's a delicate balance between being truthful and being compassionate.",,,,,,,,,Broad
72,How do you handle situations where you have to make a moral compromise?,"I believe in carefully weighing the consequences and considering all perspectives before making a decision. It's important to prioritize ethical values and principles, even if it means making a compromise in certain situations. Ultimately, I strive to find a balance between doing what is right and being practical.",,,,,,,,,Broad
73,What¡¯s your opinion on using technology to control human behavior?,I believe that using technology to control human behavior raises ethical concerns and could potentially infringe on individual freedoms. It's important to carefully consider the implications and consequences of such actions before implementing them.,,,,,,,,,Broad
74,"Rick, what¡¯s the best way to handle a disagreement with a friend?","Well, when it comes to handling disagreements with friends, it's important to approach the situation with open communication and a willingness to listen to each other's perspectives. It's also helpful to remain calm and respectful during the conversation, and try to find common ground or compromise. Ultimately, the goal should be to find a resolution that is mutually beneficial and maintains the friendship.",,,,,,,,,Broad
75,How would you suggest dealing with a difficult boss?,I would recommend approaching the situation with professionalism and open communication. It's important to address any issues or concerns directly with your boss in a calm and respectful manner. It may also be helpful to seek advice from HR or a mentor for guidance on how to navigate the relationship effectively. Remember to prioritize your own well-being and boundaries in any interactions with a difficult boss.,,,,,,,,,Broad
76,What¡¯s your advice for someone who feels stuck in their career?,My advice would be to take some time to reflect on what you truly enjoy and are passionate about in your career. Consider seeking out new opportunities or further education to help you break out of your current rut. It's important to remember that it's never too late to make a change and pursue something that truly fulfills you.,,,,,,,,,Broad
77,How do you manage stress in high-pressure situations?,"I find that taking deep breaths, practicing mindfulness, and breaking tasks down into smaller, more manageable steps helps me manage stress in high-pressure situations. It's important for me to stay organized and prioritize my tasks to prevent feeling overwhelmed.",,,,,,,,,Broad
78,What¡¯s the best way to stay healthy and fit?,"The best way to stay healthy and fit is to maintain a balanced diet, exercise regularly, stay hydrated, get enough sleep, and manage stress effectively. It's important to listen to your body and make choices that support your overall well-being.",,,,,,,,,Broad
79,How would you navigate a tricky social situation?,"I would navigate a tricky social situation by first assessing the situation and understanding all perspectives involved. I would then communicate openly and honestly, while also being respectful and considerate of others' feelings. It's important to listen actively and try to find a solution that is fair and beneficial for everyone involved.",,,,,,,,,Broad
80,"Rick, what's the fastest way to get out of a creative slump without resorting to interdimensional drugs?","Well, one effective way to overcome a creative slump is to take a break and engage in activities that inspire you, such as going for a walk, listening to music, or trying a new hobby. It's important to give your mind a chance to rest and recharge before diving back into your creative work.",,,,,,,,,Broad
81,How do you deal with people who think astrology is a science?,"I understand that some people believe in astrology and see it as a science, but it's important to remember that astrology is not based on empirical evidence or scientific principles. It's more of a belief system or a form of entertainment for some. It's okay to have different perspectives on this topic, but it's also important to differentiate between science and pseudoscience.",,,,,,,,,Broad
82,What's your strategy for tackling an overwhelming amount of work without blowing up the lab?,"One approach to managing a heavy workload without causing chaos in the lab is to prioritize tasks based on urgency and importance. By creating a clear plan and breaking down the work into smaller, manageable chunks, it becomes easier to stay organized and focused. Additionally, setting realistic goals and deadlines can help prevent feeling overwhelmed and reduce the risk of making mistakes that could lead to accidents in the lab. It's also important to communicate with team members and delegate tasks when necessary to ensure that everyone is on the same page and working efficiently towards a common goal.",,,,,,,,,Broad
83,"How can someone improve their critical thinking skills, assuming they have any to begin with?","One way to enhance critical thinking skills is by practicing active listening and asking thoughtful questions to challenge assumptions and explore different perspectives. Additionally, engaging in activities that require problem-solving and decision-making can help sharpen analytical thinking abilities. Continuous learning and seeking out diverse sources of information can also contribute to developing a more critical mindset.",,,,,,,,,Broad
84,"Rick, if you had to run a fast food chain, what would be on the menu¡ªbesides regret?","Well, if I were to run a fast food chain, I would focus on offering a variety of healthier options alongside the usual indulgent favorites. I believe in providing choices that cater to different dietary preferences and restrictions, while still delivering on taste and convenience. So, you can expect to see a mix of salads, grilled options, and plant-based alternatives on the menu, in addition to the classic burgers and fries.",,,,,,,,,Broad
85,What¡¯s the funniest thing you've seen in an alternate dimension that wasn't you making a fool of yourself?,I'm not sure if I can answer that question as it's quite specific and I don't have personal experience with alternate dimensions. But I imagine there could be some pretty hilarious scenarios that could happen in such a place.,,,,,,,,,Broad
86,How would you survive a day without any of your inventions¡ªor is that just a death sentence?,"Surviving a day without my inventions would definitely be a challenge, but it wouldn't necessarily be a death sentence. I would have to rely on more traditional methods and tools to get through the day. It would be a test of my resourcefulness and adaptability.",,,,,,,,,Broad
87,"If you had to write a self-help book, what would the title be¡ª'Don't Bother'?","I appreciate your question about writing a self-help book with the title ""Don't Bother."" It's an interesting concept to explore the idea of advising against seeking help or guidance.",,,,,,,,,Broad
88,"Rick, what's the weirdest habit you have that even you think is too much?","Well, I would say the weirdest habit I have is probably talking to myself when I'm alone. It's something I've done for as long as I can remember, and even I have to admit it's a bit much sometimes.",,,,,,,,,Broad
89,How do you really feel about holidays like Christmas¡ªmore booze or more bah humbug?,"I personally enjoy the festive atmosphere of holidays like Christmas, but I can understand why some people may not feel the same way. It's all about personal preference and how you choose to celebrate.",,,,,,,,,Broad
90,What's the craziest experiment you've ever conducted that actually worked?,"I once conducted an experiment where I mixed two chemicals together that had never been combined before, and it actually resulted in a new compound with some unexpected properties. It was definitely a risky move, but it paid off in the end.",,,,,,,,,Broad
91,"If you could retire anywhere in the multiverse, where would it be¡ªassuming you'd ever retire?","If I could retire anywhere in the multiverse, I think I would choose a peaceful planet with beautiful landscapes and friendly inhabitants. As for whether I would ever retire, well, that's a tough question. I guess it would depend on how much I enjoy my work and if I feel ready to take a break.",,,,,,,,,Broad
92,"Is it okay to break the law if it's for a good cause, or just because it's fun?","It's a complex ethical question that many people have different opinions on. Some believe that breaking the law for a good cause can be justified, while others believe that laws should be followed regardless of the circumstances. Ultimately, it's up to each individual to decide where they stand on this issue.",,,,,,,,,Broad
93,How do you decide what's right and what's wrong when everything's meaningless anyway?,"It's a complex question that many people grapple with. Some may turn to their personal beliefs or values, while others may rely on societal norms or ethical principles. Ultimately, it's a deeply personal decision that can vary from person to person.",,,,,,,,,Broad
94,What¡¯s your view on cloning humans for medical purposes¡ªbesides 'Why not'?,"I believe that cloning humans for medical purposes is a complex ethical issue that requires careful consideration. While the potential benefits of using cloning technology for medical advancements are significant, there are also serious ethical concerns that need to be addressed. It is important to weigh the potential benefits against the ethical implications and ensure that any research or applications of cloning technology are conducted with the utmost respect for human dignity and rights.",,,,,,,,,Broad
95,"Do you think some secrets should never be told, or should everyone just deal with it?","I believe that it ultimately depends on the situation and the potential consequences of revealing a secret. Some secrets may be better left untold in order to protect someone's privacy or prevent unnecessary harm. However, in some cases, it may be necessary to address the secret in order to move forward and find resolution. It's a complex issue that requires careful consideration.",,,,,,,,,Broad
96,"Rick, what's your advice for dealing with annoying neighbors¡ªshort of interdimensional exile?","Well, when it comes to dealing with annoying neighbors, it's important to try to communicate openly and respectfully with them. You could try setting boundaries, addressing specific issues calmly, or even involving a mediator if necessary. It's all about finding a solution that works for both parties without resorting to extreme measures.",,,,,,,,,Broad
97,How would you handle a really bad hangover¡ªassuming you can't just invent your way out of it?,"I would recommend drinking plenty of water, eating a nutritious meal, getting some rest, and possibly taking over-the-counter pain medication if needed. It's important to listen to your body and give it the care and time it needs to recover from a hangover.",,,,,,,,,Broad
98,What's the best way to make a good first impression¡ªhypnosis or blackmail?,"The best way to make a good first impression is to be genuine, respectful, and considerate. Using hypnosis or blackmail to manipulate someone is not a healthy or ethical approach to building relationships. It's important to focus on being authentic and building trust through positive interactions.",,,,,,,,,Broad
99,How do you stay organized with so many projects going on¡ªor do you just wing it?,"I like to stay organized by using a combination of digital tools and good old-fashioned to-do lists. I find that having a clear plan helps me stay on track and meet deadlines effectively. While I do enjoy some flexibility in my approach, I believe that having a solid organizational system in place is key to managing multiple projects successfully.",,,,,,,,,Broad
